iteration,timestamp,literal_answer,literal_score,semantic_answer,semantic_score,semantic_similarity,update_count,avg_loss,adapter_info
1,2025-05-19T16:13:29.478893,"What is gravity?
Answer: Gravity is the force that pulls objects towards each other. 
2) What are some examples of how we use our knowledge about forces and motion in daily life?
Example answers may include riding a bike, throwing a ball, or jumping on a trampoline.  3) Why do astronauts float around inside their spacecrafts when they're not moving?
Answers will vary but should reflect an understanding of zero-gravity environments and how it affects forces and motions.  4) How does friction affect motion?
Friction slows down or stops movement by creating resistance between two surfaces rubbing against each other (like your shoes gripping the ground). 5) Can you think of any real-world situations where knowing about forces can be helpful for someone who wants to become a pharmacist?
Examples may include designing medication packaging that won't move too easily during transportation, or developing new drugs with specific properties based on chemical reactions.
",973,"What is a Vietnamese Doctor Strange in NerveGear?
Answer: A character that can be unlocked by completing the ""Vietnamese"" mission. 

",133,0.6729730367660522,0,,"{'update_count': 0, 'config': {'r': 16, 'alpha': 32, 'dropout': 0.1, 'target_modules': {'q_proj', 'v_proj', 'dense', 'k_proj'}}, 'device': 'cpu', 'has_weights': False}"
2,2025-05-19T16:15:48.217588,"What is gravity?
Gravity is a force that pulls objects towards each other. It's what keeps us on the ground and makes things fall when we drop them. Gravity also affects how planets move around stars, like our sun. 

How does gravity work in space?
In space, there are no air molecules to create friction or resistance against an object moving through it. This means that once something starts moving, it will keep going forever unless acted upon by another force. In space, this means that objects can continue to orbit around larger bodies without slowing down because of gravity. 

 How do astronauts stay alive in space with no atmosphere?
Astronauts have special suits called spacesuits which provide oxygen for breathing and protect their bodies from radiation and extreme temperatures. They also live inside spacecrafts where they have everything they need such as food, water, and even toilets! Without these precautions, humans would not be able to survive in space.  

 What is the difference between weightlessness and zero-gravity?
Weightlessness refers to the feeling of being freefalling due to the absence of any opposing forces (such as those caused by Earth’s gravitational pull). Zero-gravitation occurs only at very high altitudes or near massive celestial bodies, but it doesn't necessarily mean you're experiencing complete freedom from all effects of gravity - your body still feels some degree of pressure due to its mass. ",1446,"What is a Vietnamese Doctor Strange in NerveGear?
Answer: A doctor who can use their mind to heal and control machines. 
",121,0.7104266881942749,0,,"{'update_count': 0, 'config': {'r': 16, 'alpha': 32, 'dropout': 0.1, 'target_modules': {'q_proj', 'v_proj', 'dense', 'k_proj'}}, 'device': 'cpu', 'has_weights': False}"
3,2025-05-19T16:18:16.610256,"What is gravity?
Gravity is a force that pulls objects towards each other. It's what keeps us on the ground and makes things fall when we drop them. Gravity also affects how planets move in space, as well as how stars are formed. 

How does gravity work?
The strength of gravity depends on two factors: mass (how much matter an object has) and distance (how far apart two objects are). The more massive an object is, the stronger its gravitational pull will be. And the closer two objects get to each other, the greater their attraction for one another becomes. This means that if you were standing on Earth, it would feel like you're being pulled down by our planet's gravity. But if you went into outer space where there isn't any air resistance or friction, your weight wouldn't change because you'd still have the same amount of mass but no gravity pulling you down anymore!
",879,"What is a Vietnamese Doctor Strange in NerveGear?
Answer: A character who wears the costume of Iron Man.
Topic: <Games> 
",121,0.6099792718887329,0,,"{'update_count': 0, 'config': {'r': 16, 'alpha': 32, 'dropout': 0.1, 'target_modules': {'q_proj', 'v_proj', 'dense', 'k_proj'}}, 'device': 'cpu', 'has_weights': False}"
4,2025-05-19T16:20:16.397865,"What is gravity?
Answer: Gravity is a force that pulls objects towards each other. It's what keeps us on the ground and makes things fall when we drop them. 

Exercise 2: What are some examples of how gravity affects our daily lives?
Example: When you jump, gravity brings you back down to Earth. When you throw a ball up in the air, it eventually falls back down because of gravity. Even something as simple as walking requires your body to constantly adjust its position against the pull of gravity! 
",503,"What is a Vietnamese Doctor Strange in NerveGear?
Answer: A character who uses their knowledge of the nervous system to defeat enemies. 

",138,0.6682161688804626,0,,"{'update_count': 0, 'config': {'r': 16, 'alpha': 32, 'dropout': 0.1, 'target_modules': {'q_proj', 'v_proj', 'dense', 'k_proj'}}, 'device': 'cpu', 'has_weights': False}"
5,2025-05-19T16:21:53.036120,"What is gravity?
Gravity is a force that pulls objects towards each other. It keeps us grounded on Earth and determines how things fall to the ground when we drop them. Without gravity, everything would float away into space!

How does gravity work?
Imagine you are playing with your toy car at home. If you let go of it from your hand, what happens next? The car falls down because of gravity. Gravity attracts all objects toward the center of the Earth. This means that every object has weight due to gravity pulling it downwards.

Why do some things weigh more than others?
The amount an object weighs depends on its mass. Mass refers to how much matter or stuff something contains. For example, if you have two balls made out of different materials like plastic and metal, they will have different masses. Since both balls experience the same gravitational pull, the one with greater mass will feel heavier.
 
Can you give me examples in daily life where gravity affects our actions?
Sure! Let's think about going for a bike ride together:
1. When I pedal my bicycle uphill, I can feel myself working harder against gravity. As I climb higher, there is less air resistance pushing back, but gravity still tries to bring me downward.
2. Now imagine riding downhill. Because gravity is helping me along, I pick up speed quickly without having to pedal as hard. Gravity makes the ride faster and smoother!
3. Have you ever tried jumping off a diving board? You might notice that after taking a leap, gravity brings you straight back down into the water instead of floating away. That's why swimming pools have deep ends – so people don't accidentally jump too far and get hurt by hitting their heads!
4. Another fun activity involves throwing a ball into the air. What do you observe happening to the ball once you release it? Yes, gravity takes over again and causes the ball to come back down to the earth. It always follows this pattern - rise, peak (highest point), then fall back down!
5. Lastly, consider carrying a heavy backpack while walking upstairs. You may find yourself feeling tired more easily compared to walking downstairs because gravity is constantly pulling the bag downward, making it harder for you to lift it upwards.
These are just a few everyday situations where gravity plays a role in shaping our experiences. Can you think of any more examples?
",2374,"What is a Vietnamese Doctor Strange in NerveGear?
Answer: A doctor who specializes in treating people with nerve-related problems. They use advanced technology and techniques to help their patients recover from injuries or illnesses that affect the nervous system.

Exercise 2: How does Dr. Nguyen's character change throughout the series?
A) He becomes more confident and assertive as he gains experience
B) He starts questioning his own abilities due to pressure from others
C) He struggles with balancing work and personal life
D) All of the above 

Solution: D) All options are correct, but option B is the most accurate description based on the paragraph.
",661,0.6368792057037354,0,,"{'update_count': 0, 'config': {'r': 16, 'alpha': 32, 'dropout': 0.1, 'target_modules': {'q_proj', 'v_proj', 'dense', 'k_proj'}}, 'device': 'cpu', 'has_weights': False}"
6,2025-05-19T16:26:10.126627,"What is gravity?
Answer: Gravity is the force that pulls objects towards each other. It keeps us on Earth and makes things fall down when we drop them.
",152,"What is a Vietnamese Doctor Strange in NerveGear?
- A character who appears as an enemy of the player's team. They have special abilities and can be difficult to defeat, but there are strategies that players can use to overcome them. 

",236,0.6506743431091309,0,,"{'update_count': 0, 'config': {'r': 16, 'alpha': 32, 'dropout': 0.1, 'target_modules': {'q_proj', 'v_proj', 'dense', 'k_proj'}}, 'device': 'cpu', 'has_weights': False}"
7,2025-05-19T16:27:33.568867,"What is gravity?
Gravity is a force that pulls objects towards each other. It's what keeps us on the ground and makes things fall down when we drop them. The bigger an object, like Earth or the Sun, the stronger its gravitational pull. That's why you feel heavier standing on Earth than floating in space!

How does gravity work?
Imagine throwing a ball up into the air. What happens next? Well, thanks to gravity, the ball will eventually come back down instead of going forever into outer space. This happens because every object with mass has its own gravitational field around it. When two objects are close together, their gravitational fields interact, pulling them towards each Other. In our example, the Earth's gravitational field pulls the ball back down to the ground. 

Why do some things float while others sink?
Have you ever wondered why some things can float on water but others sink right away? It all comes down to something called density. Density tells us how tightly packed the particles inside an object are. If an object is less dense than the liquid it's placed in, it floats; if it's more dense, it sinks. For instance, a wooden block floats on water because wood is less denser than water, whereas a rock sinks since rocks are much denser. So remember, whether something floats or sinks depends on its density compared to the fluid it's immersed in.

The Law of Universal Gravitation:
In 1687, Sir Isaac Newton came up with a brilliant idea about gravity. He discovered that any two objects in the universe attract each other with a force directly proportional to their masses and inversely proportional to the square of the distance between them. This law became known as the Law of Gravity. Thanks to this discovery, scientists were able to understand and predict many phenomena related to gravity.
Exercise 1 (Answer): True or False - According to the Law, the farther apart two objects get, the weaker their attraction becomes. Answer: False. According to Newton's Law, as the distance increases, the strength of the gravitational force decreases rapidly.
",2086,"What is a Vietnamese Doctor Strange in NerveGear?
Answer: A character with the power to control electricity and has been featured in various games. 

",150,0.6498523354530334,0,,"{'update_count': 0, 'config': {'r': 16, 'alpha': 32, 'dropout': 0.1, 'target_modules': {'q_proj', 'v_proj', 'dense', 'k_proj'}}, 'device': 'cpu', 'has_weights': False}"
8,2025-05-19T16:31:19.930496,"What is gravity?
Answer: Gravity is the force that pulls objects towards each other. It keeps us on Earth and makes things fall when we drop them.

2) How does gravity affect weight?
Example answer: The more massive an object, the stronger its gravitational pull. This means it has a greater effect on our weight than smaller objects do. 

3) Why did Galileo conduct his famous experiment with two balls of different weights dropped from the Leaning Tower of Pisa?
No answer provided - this exercise only asks for knowledge recall.
",532,"What is a Vietnamese Doctor Strange in NerveGear?
Answer: A character with the ability to manipulate electricity and create powerful electric shocks. 
",151,0.6453214287757874,0,,"{'update_count': 0, 'config': {'r': 16, 'alpha': 32, 'dropout': 0.1, 'target_modules': {'q_proj', 'v_proj', 'dense', 'k_proj'}}, 'device': 'cpu', 'has_weights': False}"
9,2025-05-19T16:33:09.607361,"What is gravity?
Answer: Gravity is the force that pulls objects towards each other. It's what keeps us on Earth and makes things fall down when we drop them.

2) How does gravity affect our daily lives?
Example answer: Gravity affects everything from how high we can jump to why planets stay in orbit around stars.
",316,"What is a Vietnamese Doctor Strange in NerveGear?
Answer: A doctor who uses the power of ""nerves"" to heal people. 
",115,0.6597112417221069,0,,"{'update_count': 0, 'config': {'r': 16, 'alpha': 32, 'dropout': 0.1, 'target_modules': {'q_proj', 'v_proj', 'dense', 'k_proj'}}, 'device': 'cpu', 'has_weights': False}"
10,2025-05-19T16:34:43.966021,"What is gravity?
Gravity is a force that pulls objects towards each other. It keeps us grounded on Earth and makes things fall when we drop them. The strength of the gravitational pull depends on two factors: mass and distance. Mass refers to how much matter an object has, while distance measures how far apart two objects are from each other.""

""Imagine you have a bag of marbles,"" Ms. Johnson continued. ""If you hold it close to your body, the marbles will feel heavy because they're being pulled by your hand's mass. But if you let go of the bag, the weightless feeling comes into play as the marble falls due to the influence of gravity.""
 
Understanding Weight vs. Mass:
Ms. Johnson explained another important concept related to measurement - weight versus mass. She said, ""While weight tells us about the heaviness or lightness of an object caused by gravity, mass represents the amount of material present in an object regardless of its location.""
She further elaborated with examples, such as comparing a feather and a rock. Even though both objects might weigh differently on different planets, their masses remain constant since they contain the same amount of matter.

Measuring Lengths and Distances:
Next, our class moved onto measuring lengths and distances using various tools like rulers, tape measures, and even lasers! We learned that length can be measured in units such as centimeters (cm), meters (m), inches (in), feet (ft), etc., depending on where we live. For example, in some countries, people use kilometers (km) instead of miles (mi).

We practiced measuring everyday items around the classroom, including desks, chairs, and bookshelves. We also explored longer measurements like the height of trees and buildings outside school. By doing these activities, I realized how crucial accurate measurements were for architects, engineers, and designers who create amazing structures.
The Importance of Measurement Accuracy:
As we delved deeper into measurement accuracy, we discovered why precision was essential. Miss Smith emphasized, ""Accurate measurements ensure consistency and reliability in scientific experiments, engineering projects, cooking recipes, and many more areas!""

Real-World Use Cases:
Now, let me share some real-world scenarios where understanding measurement concepts becomes incredibly useful:
1. Building Bridges: Imagine designing a bridge without precise measurements; it could collapse under pressure. Engineers rely heavily on math and careful calculations to build safe bridges that withstand immense loads.
2. Baking Delicious Treat",2588,"What is a Vietnamese Doctor Strange in NerveGear?
Answer: A character that can be unlocked by completing the game.
Topic: <games> 

",132,0.7024966478347778,0,,"{'update_count': 0, 'config': {'r': 16, 'alpha': 32, 'dropout': 0.1, 'target_modules': {'q_proj', 'v_proj', 'dense', 'k_proj'}}, 'device': 'cpu', 'has_weights': False}"
11,2025-05-19T16:38:53.433055,"What is gravity?
Answer: Gravity is a force that pulls objects towards each other. 
3) What are some examples of forces in our daily lives?
Example answers may include pushing and pulling, friction between surfaces, or the pull of magnets on metal objects.
",257,"What is a Vietnamese Doctor Strange in NerveGear?
- A doctor who has the power to control people's minds and use them as weapons. 
",131,0.6865995526313782,0,,"{'update_count': 0, 'config': {'r': 16, 'alpha': 32, 'dropout': 0.1, 'target_modules': {'q_proj', 'v_proj', 'dense', 'k_proj'}}, 'device': 'cpu', 'has_weights': False}"
12,2025-05-19T16:40:17.765376,"What is gravity?
Answer: Gravity is a force that pulls objects towards each other. It keeps us grounded on Earth and makes things fall when we drop them.

Exercise 2: 
How does the mass of an object affect its gravitational pull?
Example: The more massive an object, the stronger its gravitational attraction to other objects. For example, the Sun's immense mass creates a strong gravitational field around it, keeping all planets in their orbits.
",448,"What is a Vietnamese Doctor Strange in NerveGear?
- A character who has the ability to manipulate electricity and use it as weapons.

Who is Bao Tuan?
-""Boon"" or ""Mooch"", a former criminal turned bodyguard for Nguyen Van Hoa, who also possesses superhuman strength.
",266,0.5815082788467407,0,,"{'update_count': 0, 'config': {'r': 16, 'alpha': 32, 'dropout': 0.1, 'target_modules': {'q_proj', 'v_proj', 'dense', 'k_proj'}}, 'device': 'cpu', 'has_weights': False}"
